--
-- PostgreSQL database dump
--

-- Dumped from database version 16.8 (Debian 16.8-1.pgdg120+1)
-- Dumped by pg_dump version 17.0

-- Started on 2025-05-11 12:45:47

SET statement_timeout = 0;
SET lock_timeout = 0;
SET idle_in_transaction_session_timeout = 0;
SET transaction_timeout = 0;
SET client_encoding = 'UTF8';
SET standard_conforming_strings = on;
SELECT pg_catalog.set_config('search_path', '', false);
SET check_function_bodies = false;
SET xmloption = content;
SET client_min_messages = warning;
SET row_security = off;

--
-- TOC entry 5 (class 2615 OID 2200)
-- Name: public; Type: SCHEMA; Schema: -; Owner: hiking_db_b23i_user
--

CREATE SCHEMA public;


ALTER SCHEMA public OWNER TO hiking_db_b23i_user;

--
-- TOC entry 3522 (class 0 OID 0)
-- Dependencies: 5
-- Name: SCHEMA public; Type: COMMENT; Schema: -; Owner: hiking_db_b23i_user
--

COMMENT ON SCHEMA public IS 'standard public schema';


SET default_tablespace = '';

SET default_table_access_method = heap;

--
-- TOC entry 215 (class 1259 OID 16398)
-- Name: auth_group; Type: TABLE; Schema: public; Owner: hiking_db_b23i_user
--

CREATE TABLE public.auth_group (
    id integer NOT NULL,
    name character varying(150) NOT NULL
);


ALTER TABLE public.auth_group OWNER TO hiking_db_b23i_user;

--
-- TOC entry 216 (class 1259 OID 16401)
-- Name: auth_group_id_seq; Type: SEQUENCE; Schema: public; Owner: hiking_db_b23i_user
--

ALTER TABLE public.auth_group ALTER COLUMN id ADD GENERATED BY DEFAULT AS IDENTITY (
    SEQUENCE NAME public.auth_group_id_seq
    START WITH 1
    INCREMENT BY 1
    NO MINVALUE
    NO MAXVALUE
    CACHE 1
);


--
-- TOC entry 217 (class 1259 OID 16402)
-- Name: auth_group_permissions; Type: TABLE; Schema: public; Owner: hiking_db_b23i_user
--

CREATE TABLE public.auth_group_permissions (
    id bigint NOT NULL,
    group_id integer NOT NULL,
    permission_id integer NOT NULL
);


ALTER TABLE public.auth_group_permissions OWNER TO hiking_db_b23i_user;

--
-- TOC entry 218 (class 1259 OID 16405)
-- Name: auth_group_permissions_id_seq; Type: SEQUENCE; Schema: public; Owner: hiking_db_b23i_user
--

ALTER TABLE public.auth_group_permissions ALTER COLUMN id ADD GENERATED BY DEFAULT AS IDENTITY (
    SEQUENCE NAME public.auth_group_permissions_id_seq
    START WITH 1
    INCREMENT BY 1
    NO MINVALUE
    NO MAXVALUE
    CACHE 1
);


--
-- TOC entry 219 (class 1259 OID 16406)
-- Name: auth_permission; Type: TABLE; Schema: public; Owner: hiking_db_b23i_user
--

CREATE TABLE public.auth_permission (
    id integer NOT NULL,
    name character varying(255) NOT NULL,
    content_type_id integer NOT NULL,
    codename character varying(100) NOT NULL
);


ALTER TABLE public.auth_permission OWNER TO hiking_db_b23i_user;

--
-- TOC entry 220 (class 1259 OID 16409)
-- Name: auth_permission_id_seq; Type: SEQUENCE; Schema: public; Owner: hiking_db_b23i_user
--

ALTER TABLE public.auth_permission ALTER COLUMN id ADD GENERATED BY DEFAULT AS IDENTITY (
    SEQUENCE NAME public.auth_permission_id_seq
    START WITH 1
    INCREMENT BY 1
    NO MINVALUE
    NO MAXVALUE
    CACHE 1
);


--
-- TOC entry 221 (class 1259 OID 16410)
-- Name: auth_user; Type: TABLE; Schema: public; Owner: hiking_db_b23i_user
--

CREATE TABLE public.auth_user (
    id integer NOT NULL,
    password character varying(128) NOT NULL,
    last_login timestamp with time zone,
    is_superuser boolean NOT NULL,
    username character varying(150) NOT NULL,
    first_name character varying(150) NOT NULL,
    last_name character varying(150) NOT NULL,
    email character varying(254) NOT NULL,
    is_staff boolean NOT NULL,
    is_active boolean NOT NULL,
    date_joined timestamp with time zone NOT NULL
);


ALTER TABLE public.auth_user OWNER TO hiking_db_b23i_user;

--
-- TOC entry 222 (class 1259 OID 16415)
-- Name: auth_user_groups; Type: TABLE; Schema: public; Owner: hiking_db_b23i_user
--

CREATE TABLE public.auth_user_groups (
    id bigint NOT NULL,
    user_id integer NOT NULL,
    group_id integer NOT NULL
);


ALTER TABLE public.auth_user_groups OWNER TO hiking_db_b23i_user;

--
-- TOC entry 223 (class 1259 OID 16418)
-- Name: auth_user_groups_id_seq; Type: SEQUENCE; Schema: public; Owner: hiking_db_b23i_user
--

ALTER TABLE public.auth_user_groups ALTER COLUMN id ADD GENERATED BY DEFAULT AS IDENTITY (
    SEQUENCE NAME public.auth_user_groups_id_seq
    START WITH 1
    INCREMENT BY 1
    NO MINVALUE
    NO MAXVALUE
    CACHE 1
);


--
-- TOC entry 224 (class 1259 OID 16419)
-- Name: auth_user_id_seq; Type: SEQUENCE; Schema: public; Owner: hiking_db_b23i_user
--

ALTER TABLE public.auth_user ALTER COLUMN id ADD GENERATED BY DEFAULT AS IDENTITY (
    SEQUENCE NAME public.auth_user_id_seq
    START WITH 1
    INCREMENT BY 1
    NO MINVALUE
    NO MAXVALUE
    CACHE 1
);


--
-- TOC entry 225 (class 1259 OID 16420)
-- Name: auth_user_user_permissions; Type: TABLE; Schema: public; Owner: hiking_db_b23i_user
--

CREATE TABLE public.auth_user_user_permissions (
    id bigint NOT NULL,
    user_id integer NOT NULL,
    permission_id integer NOT NULL
);


ALTER TABLE public.auth_user_user_permissions OWNER TO hiking_db_b23i_user;

--
-- TOC entry 226 (class 1259 OID 16423)
-- Name: auth_user_user_permissions_id_seq; Type: SEQUENCE; Schema: public; Owner: hiking_db_b23i_user
--

ALTER TABLE public.auth_user_user_permissions ALTER COLUMN id ADD GENERATED BY DEFAULT AS IDENTITY (
    SEQUENCE NAME public.auth_user_user_permissions_id_seq
    START WITH 1
    INCREMENT BY 1
    NO MINVALUE
    NO MAXVALUE
    CACHE 1
);


--
-- TOC entry 227 (class 1259 OID 16424)
-- Name: django_admin_log; Type: TABLE; Schema: public; Owner: hiking_db_b23i_user
--

CREATE TABLE public.django_admin_log (
    id integer NOT NULL,
    action_time timestamp with time zone NOT NULL,
    object_id text,
    object_repr character varying(200) NOT NULL,
    action_flag smallint NOT NULL,
    change_message text NOT NULL,
    content_type_id integer,
    user_id integer NOT NULL,
    CONSTRAINT django_admin_log_action_flag_check CHECK ((action_flag >= 0))
);


ALTER TABLE public.django_admin_log OWNER TO hiking_db_b23i_user;

--
-- TOC entry 228 (class 1259 OID 16430)
-- Name: django_admin_log_id_seq; Type: SEQUENCE; Schema: public; Owner: hiking_db_b23i_user
--

ALTER TABLE public.django_admin_log ALTER COLUMN id ADD GENERATED BY DEFAULT AS IDENTITY (
    SEQUENCE NAME public.django_admin_log_id_seq
    START WITH 1
    INCREMENT BY 1
    NO MINVALUE
    NO MAXVALUE
    CACHE 1
);


--
-- TOC entry 229 (class 1259 OID 16431)
-- Name: django_content_type; Type: TABLE; Schema: public; Owner: hiking_db_b23i_user
--

CREATE TABLE public.django_content_type (
    id integer NOT NULL,
    app_label character varying(100) NOT NULL,
    model character varying(100) NOT NULL
);


ALTER TABLE public.django_content_type OWNER TO hiking_db_b23i_user;

--
-- TOC entry 230 (class 1259 OID 16434)
-- Name: django_content_type_id_seq; Type: SEQUENCE; Schema: public; Owner: hiking_db_b23i_user
--

ALTER TABLE public.django_content_type ALTER COLUMN id ADD GENERATED BY DEFAULT AS IDENTITY (
    SEQUENCE NAME public.django_content_type_id_seq
    START WITH 1
    INCREMENT BY 1
    NO MINVALUE
    NO MAXVALUE
    CACHE 1
);


--
-- TOC entry 231 (class 1259 OID 16435)
-- Name: django_migrations; Type: TABLE; Schema: public; Owner: hiking_db_b23i_user
--

CREATE TABLE public.django_migrations (
    id bigint NOT NULL,
    app character varying(255) NOT NULL,
    name character varying(255) NOT NULL,
    applied timestamp with time zone NOT NULL
);


ALTER TABLE public.django_migrations OWNER TO hiking_db_b23i_user;

--
-- TOC entry 232 (class 1259 OID 16440)
-- Name: django_migrations_id_seq; Type: SEQUENCE; Schema: public; Owner: hiking_db_b23i_user
--

ALTER TABLE public.django_migrations ALTER COLUMN id ADD GENERATED BY DEFAULT AS IDENTITY (
    SEQUENCE NAME public.django_migrations_id_seq
    START WITH 1
    INCREMENT BY 1
    NO MINVALUE
    NO MAXVALUE
    CACHE 1
);


--
-- TOC entry 233 (class 1259 OID 16441)
-- Name: django_session; Type: TABLE; Schema: public; Owner: hiking_db_b23i_user
--

CREATE TABLE public.django_session (
    session_key character varying(40) NOT NULL,
    session_data text NOT NULL,
    expire_date timestamp with time zone NOT NULL
);


ALTER TABLE public.django_session OWNER TO hiking_db_b23i_user;

--
-- TOC entry 234 (class 1259 OID 16446)
-- Name: tours_booking; Type: TABLE; Schema: public; Owner: hiking_db_b23i_user
--

CREATE TABLE public.tours_booking (
    id bigint NOT NULL,
    full_name character varying(100) NOT NULL,
    email character varying(254) NOT NULL,
    participants integer NOT NULL,
    confirmed boolean NOT NULL,
    created_at timestamp with time zone NOT NULL,
    tour_id bigint NOT NULL,
    user_id integer,
    CONSTRAINT tours_booking_participants_check CHECK ((participants >= 0))
);


ALTER TABLE public.tours_booking OWNER TO hiking_db_b23i_user;

--
-- TOC entry 235 (class 1259 OID 16450)
-- Name: tours_booking_id_seq; Type: SEQUENCE; Schema: public; Owner: hiking_db_b23i_user
--

ALTER TABLE public.tours_booking ALTER COLUMN id ADD GENERATED BY DEFAULT AS IDENTITY (
    SEQUENCE NAME public.tours_booking_id_seq
    START WITH 1
    INCREMENT BY 1
    NO MINVALUE
    NO MAXVALUE
    CACHE 1
);


--
-- TOC entry 236 (class 1259 OID 16451)
-- Name: tours_review; Type: TABLE; Schema: public; Owner: hiking_db_b23i_user
--

CREATE TABLE public.tours_review (
    id bigint NOT NULL,
    name character varying(100) NOT NULL,
    text text NOT NULL,
    rating smallint NOT NULL,
    created_at timestamp with time zone NOT NULL,
    tour_id bigint NOT NULL,
    CONSTRAINT tours_review_rating_check CHECK ((rating >= 0))
);


ALTER TABLE public.tours_review OWNER TO hiking_db_b23i_user;

--
-- TOC entry 237 (class 1259 OID 16457)
-- Name: tours_review_id_seq; Type: SEQUENCE; Schema: public; Owner: hiking_db_b23i_user
--

ALTER TABLE public.tours_review ALTER COLUMN id ADD GENERATED BY DEFAULT AS IDENTITY (
    SEQUENCE NAME public.tours_review_id_seq
    START WITH 1
    INCREMENT BY 1
    NO MINVALUE
    NO MAXVALUE
    CACHE 1
);


--
-- TOC entry 238 (class 1259 OID 16458)
-- Name: tours_tour; Type: TABLE; Schema: public; Owner: hiking_db_b23i_user
--

CREATE TABLE public.tours_tour (
    id bigint NOT NULL,
    title character varying(200) NOT NULL,
    description text NOT NULL,
    location character varying(100) NOT NULL,
    start_date date NOT NULL,
    end_date date NOT NULL,
    guide_name character varying(100) NOT NULL,
    difficulty character varying(50) NOT NULL,
    price numeric(8,2) NOT NULL,
    image character varying(100),
    is_completed boolean NOT NULL,
    is_cancelled boolean NOT NULL
);


ALTER TABLE public.tours_tour OWNER TO hiking_db_b23i_user;

--
-- TOC entry 239 (class 1259 OID 16463)
-- Name: tours_tour_id_seq; Type: SEQUENCE; Schema: public; Owner: hiking_db_b23i_user
--

ALTER TABLE public.tours_tour ALTER COLUMN id ADD GENERATED BY DEFAULT AS IDENTITY (
    SEQUENCE NAME public.tours_tour_id_seq
    START WITH 1
    INCREMENT BY 1
    NO MINVALUE
    NO MAXVALUE
    CACHE 1
);


--
-- TOC entry 240 (class 1259 OID 16464)
-- Name: tours_tourstop; Type: TABLE; Schema: public; Owner: hiking_db_b23i_user
--

CREATE TABLE public.tours_tourstop (
    id bigint NOT NULL,
    name character varying(100) NOT NULL,
    latitude double precision NOT NULL,
    longitude double precision NOT NULL,
    "order" integer NOT NULL,
    tour_id bigint NOT NULL,
    CONSTRAINT tours_tourstop_order_check CHECK (("order" >= 0))
);


ALTER TABLE public.tours_tourstop OWNER TO hiking_db_b23i_user;

--
-- TOC entry 241 (class 1259 OID 16468)
-- Name: tours_tourstop_id_seq; Type: SEQUENCE; Schema: public; Owner: hiking_db_b23i_user
--

ALTER TABLE public.tours_tourstop ALTER COLUMN id ADD GENERATED BY DEFAULT AS IDENTITY (
    SEQUENCE NAME public.tours_tourstop_id_seq
    START WITH 1
    INCREMENT BY 1
    NO MINVALUE
    NO MAXVALUE
    CACHE 1
);


--
-- TOC entry 3490 (class 0 OID 16398)
-- Dependencies: 215
-- Data for Name: auth_group; Type: TABLE DATA; Schema: public; Owner: hiking_db_b23i_user
--

COPY public.auth_group (id, name) FROM stdin;
\.


--
-- TOC entry 3492 (class 0 OID 16402)
-- Dependencies: 217
-- Data for Name: auth_group_permissions; Type: TABLE DATA; Schema: public; Owner: hiking_db_b23i_user
--

COPY public.auth_group_permissions (id, group_id, permission_id) FROM stdin;
\.


--
-- TOC entry 3494 (class 0 OID 16406)
-- Dependencies: 219
-- Data for Name: auth_permission; Type: TABLE DATA; Schema: public; Owner: hiking_db_b23i_user
--

COPY public.auth_permission (id, name, content_type_id, codename) FROM stdin;
1	Can add log entry	1	add_logentry
2	Can change log entry	1	change_logentry
3	Can delete log entry	1	delete_logentry
4	Can view log entry	1	view_logentry
5	Can add permission	2	add_permission
6	Can change permission	2	change_permission
7	Can delete permission	2	delete_permission
8	Can view permission	2	view_permission
9	Can add group	3	add_group
10	Can change group	3	change_group
11	Can delete group	3	delete_group
12	Can view group	3	view_group
13	Can add user	4	add_user
14	Can change user	4	change_user
15	Can delete user	4	delete_user
16	Can view user	4	view_user
17	Can add content type	5	add_contenttype
18	Can change content type	5	change_contenttype
19	Can delete content type	5	delete_contenttype
20	Can view content type	5	view_contenttype
21	Can add session	6	add_session
22	Can change session	6	change_session
23	Can delete session	6	delete_session
24	Can view session	6	view_session
25	Can add booking	7	add_booking
26	Can change booking	7	change_booking
27	Can delete booking	7	delete_booking
28	Can view booking	7	view_booking
29	Can add tour	8	add_tour
30	Can change tour	8	change_tour
31	Can delete tour	8	delete_tour
32	Can view tour	8	view_tour
33	Can add review	9	add_review
34	Can change review	9	change_review
35	Can delete review	9	delete_review
36	Can view review	9	view_review
37	Can add Точка маршруту	10	add_tourstop
38	Can change Точка маршруту	10	change_tourstop
39	Can delete Точка маршруту	10	delete_tourstop
40	Can view Точка маршруту	10	view_tourstop
\.


--
-- TOC entry 3496 (class 0 OID 16410)
-- Dependencies: 221
-- Data for Name: auth_user; Type: TABLE DATA; Schema: public; Owner: hiking_db_b23i_user
--

COPY public.auth_user (id, password, last_login, is_superuser, username, first_name, last_name, email, is_staff, is_active, date_joined) FROM stdin;
4	pbkdf2_sha256$1000000$HcHZbA3JNP8BqJW2YoEgbV$UQV6M7ZfSzxOxg7cbdYRByzlRoQih7hRFwcJmCh9d84=	2025-05-11 09:24:49.766858+00	t	admin	Адміністратор		hikingupua@gmail.com	t	t	2025-05-10 14:53:59+00
\.


--
-- TOC entry 3497 (class 0 OID 16415)
-- Dependencies: 222
-- Data for Name: auth_user_groups; Type: TABLE DATA; Schema: public; Owner: hiking_db_b23i_user
--

COPY public.auth_user_groups (id, user_id, group_id) FROM stdin;
\.


--
-- TOC entry 3500 (class 0 OID 16420)
-- Dependencies: 225
-- Data for Name: auth_user_user_permissions; Type: TABLE DATA; Schema: public; Owner: hiking_db_b23i_user
--

COPY public.auth_user_user_permissions (id, user_id, permission_id) FROM stdin;
\.


--
-- TOC entry 3502 (class 0 OID 16424)
-- Dependencies: 227
-- Data for Name: django_admin_log; Type: TABLE DATA; Schema: public; Owner: hiking_db_b23i_user
--

COPY public.django_admin_log (id, action_time, object_id, object_repr, action_flag, change_message, content_type_id, user_id) FROM stdin;
19	2025-05-10 17:55:11.627067+00	1	Ворохта - Заросляк - Говерла - Петрос - Полонина Шиса - Ясіня	2	[{"changed": {"fields": ["\\u0422\\u0443\\u0440", "\\u041f\\u043e\\u0447\\u0430\\u0442\\u043e\\u043a", "\\u041f\\u043e\\u0447\\u0430\\u0442\\u043e\\u043a"]}}]	8	4
20	2025-05-10 18:01:13.281328+00	1	Ворохта - Заросляк - Говерла - Петрос - Полонина Шиса - Ясіня	2	[{"added": {"name": "\\u0422\\u043e\\u0447\\u043a\\u0430 \\u043c\\u0430\\u0440\\u0448\\u0440\\u0443\\u0442\\u0443", "object": "4. \\u041f\\u0435\\u0442\\u0440\\u043e\\u0441"}}, {"added": {"name": "\\u0422\\u043e\\u0447\\u043a\\u0430 \\u043c\\u0430\\u0440\\u0448\\u0440\\u0443\\u0442\\u0443", "object": "5. \\u041f\\u043e\\u043b\\u043e\\u043d\\u0438\\u043d\\u0430 \\u0428\\u0438\\u0441\\u0430"}}, {"added": {"name": "\\u0422\\u043e\\u0447\\u043a\\u0430 \\u043c\\u0430\\u0440\\u0448\\u0440\\u0443\\u0442\\u0443", "object": "6. \\u042f\\u0441\\u0456\\u043d\\u044f"}}, {"changed": {"name": "\\u0422\\u043e\\u0447\\u043a\\u0430 \\u043c\\u0430\\u0440\\u0448\\u0440\\u0443\\u0442\\u0443", "object": "2. \\u0417\\u0430\\u0440\\u043e\\u0441\\u043b\\u044f\\u043a", "fields": ["\\u041d\\u0430\\u0437\\u0432\\u0430 \\u0442\\u043e\\u0447\\u043a\\u0438", "\\u0428\\u0438\\u0440\\u043e\\u0442\\u0430", "\\u0414\\u043e\\u0432\\u0433\\u043e\\u0442\\u0430"]}}, {"changed": {"name": "\\u0422\\u043e\\u0447\\u043a\\u0430 \\u043c\\u0430\\u0440\\u0448\\u0440\\u0443\\u0442\\u0443", "object": "3. \\u0413\\u043e\\u0432\\u0435\\u0440\\u043b\\u0430", "fields": ["\\u041d\\u0430\\u0437\\u0432\\u0430 \\u0442\\u043e\\u0447\\u043a\\u0438", "\\u0428\\u0438\\u0440\\u043e\\u0442\\u0430", "\\u0414\\u043e\\u0432\\u0433\\u043e\\u0442\\u0430"]}}]	8	4
21	2025-05-10 18:06:21.929019+00	1	Ворохта - Заросляк - Говерла - Петрос - Полонина Шиса - Ясіня	2	[{"changed": {"fields": ["\\u041e\\u043f\\u0438\\u0441", "\\u041b\\u043e\\u043a\\u0430\\u0446\\u0456\\u044f"]}}]	8	4
22	2025-05-10 18:07:17.059512+00	1	Ворохта - Заросляк - Говерла - Петрос - Полонина Шиса - Ясіня	2	[{"changed": {"name": "\\u0422\\u043e\\u0447\\u043a\\u0430 \\u043c\\u0430\\u0440\\u0448\\u0440\\u0443\\u0442\\u0443", "object": "1. \\u0412\\u043e\\u0440\\u043e\\u0445\\u0442\\u0430", "fields": ["\\u0428\\u0438\\u0440\\u043e\\u0442\\u0430", "\\u0414\\u043e\\u0432\\u0433\\u043e\\u0442\\u0430"]}}]	8	4
23	2025-05-10 18:37:44.198622+00	2	Ворохта - Кукул - Полонина Закукул - Кострича - Кострич - Ільці	2	[{"changed": {"fields": ["\\u0422\\u0443\\u0440", "\\u041f\\u043e\\u0447\\u0430\\u0442\\u043e\\u043a", "\\u041f\\u043e\\u0447\\u0430\\u0442\\u043e\\u043a", "\\u0413\\u0456\\u0434"]}}, {"added": {"name": "\\u0422\\u043e\\u0447\\u043a\\u0430 \\u043c\\u0430\\u0440\\u0448\\u0440\\u0443\\u0442\\u0443", "object": "4. \\u041a\\u043e\\u0441\\u0442\\u0440\\u0438\\u0447\\u0430"}}, {"added": {"name": "\\u0422\\u043e\\u0447\\u043a\\u0430 \\u043c\\u0430\\u0440\\u0448\\u0440\\u0443\\u0442\\u0443", "object": "5. \\u041a\\u043e\\u0441\\u0442\\u0440\\u0438\\u0447"}}, {"added": {"name": "\\u0422\\u043e\\u0447\\u043a\\u0430 \\u043c\\u0430\\u0440\\u0448\\u0440\\u0443\\u0442\\u0443", "object": "6. \\u0406\\u043b\\u044c\\u0446\\u0456"}}, {"changed": {"name": "\\u0422\\u043e\\u0447\\u043a\\u0430 \\u043c\\u0430\\u0440\\u0448\\u0440\\u0443\\u0442\\u0443", "object": "1. \\u0412\\u043e\\u0440\\u043e\\u0445\\u0442\\u0430", "fields": ["\\u041d\\u0430\\u0437\\u0432\\u0430 \\u0442\\u043e\\u0447\\u043a\\u0438"]}}, {"changed": {"name": "\\u0422\\u043e\\u0447\\u043a\\u0430 \\u043c\\u0430\\u0440\\u0448\\u0440\\u0443\\u0442\\u0443", "object": "2. \\u041a\\u0443\\u043a\\u0443\\u043b", "fields": ["\\u041d\\u0430\\u0437\\u0432\\u0430 \\u0442\\u043e\\u0447\\u043a\\u0438", "\\u0428\\u0438\\u0440\\u043e\\u0442\\u0430", "\\u0414\\u043e\\u0432\\u0433\\u043e\\u0442\\u0430"]}}, {"changed": {"name": "\\u0422\\u043e\\u0447\\u043a\\u0430 \\u043c\\u0430\\u0440\\u0448\\u0440\\u0443\\u0442\\u0443", "object": "3. \\u041f\\u043e\\u043b\\u043e\\u043d\\u0438\\u043d\\u0430 \\u0417\\u0430\\u043a\\u0443\\u043a\\u0443\\u043b", "fields": ["\\u041d\\u0430\\u0437\\u0432\\u0430 \\u0442\\u043e\\u0447\\u043a\\u0438", "\\u0428\\u0438\\u0440\\u043e\\u0442\\u0430", "\\u0414\\u043e\\u0432\\u0433\\u043e\\u0442\\u0430"]}}]	8	4
45	2025-05-11 09:16:13.4123+00	3	Review by Матвій – 4/5	3		9	4
46	2025-05-11 09:16:20.535024+00	2	Review by Ярина – 5/5	3		9	4
47	2025-05-11 09:16:31.624031+00	1	Review by Марія – 3/5	3		9	4
48	2025-05-11 09:16:56.877684+00	3	kolobok	3		4	4
49	2025-05-11 09:23:23.383308+00	2	Oleh	3		4	4
24	2025-05-10 18:49:21.252608+00	4	Дземброня - Вухатий Камінь - Піп Іван - Бребенескул - о. Бребенескул - Полонина Смотрич - Дземброня	1	[{"added": {}}, {"added": {"name": "\\u0422\\u043e\\u0447\\u043a\\u0430 \\u043c\\u0430\\u0440\\u0448\\u0440\\u0443\\u0442\\u0443", "object": "1. \\u0414\\u0437\\u0435\\u043c\\u0431\\u0440\\u043e\\u043d\\u044f"}}, {"added": {"name": "\\u0422\\u043e\\u0447\\u043a\\u0430 \\u043c\\u0430\\u0440\\u0448\\u0440\\u0443\\u0442\\u0443", "object": "2. \\u0412\\u0443\\u0445\\u0430\\u0442\\u0438\\u0439 \\u041a\\u0430\\u043c\\u0456\\u043d\\u044c"}}, {"added": {"name": "\\u0422\\u043e\\u0447\\u043a\\u0430 \\u043c\\u0430\\u0440\\u0448\\u0440\\u0443\\u0442\\u0443", "object": "3. \\u041f\\u0456\\u043f \\u0406\\u0432\\u0430\\u043d"}}, {"added": {"name": "\\u0422\\u043e\\u0447\\u043a\\u0430 \\u043c\\u0430\\u0440\\u0448\\u0440\\u0443\\u0442\\u0443", "object": "4. \\u0411\\u0440\\u0435\\u0431\\u0435\\u043d\\u0435\\u0441\\u043a\\u0443\\u043b"}}, {"added": {"name": "\\u0422\\u043e\\u0447\\u043a\\u0430 \\u043c\\u0430\\u0440\\u0448\\u0440\\u0443\\u0442\\u0443", "object": "5. \\u043e\\u0437\\u0435\\u0440\\u043e \\u0411\\u0440\\u0435\\u0431\\u0435\\u043d\\u0435\\u0441\\u043a\\u0443\\u043b"}}, {"added": {"name": "\\u0422\\u043e\\u0447\\u043a\\u0430 \\u043c\\u0430\\u0440\\u0448\\u0440\\u0443\\u0442\\u0443", "object": "6. \\u0414\\u0437\\u0435\\u043c\\u0431\\u0440\\u043e\\u043d\\u044f"}}]	8	4
25	2025-05-10 18:54:47.718854+00	3	Буковель - Синяк - Полонина Хом'яків - Хом'як - Буковель	2	[{"changed": {"fields": ["\\u0422\\u0443\\u0440", "\\u041e\\u043f\\u0438\\u0441", "\\u041b\\u043e\\u043a\\u0430\\u0446\\u0456\\u044f", "\\u0413\\u0456\\u0434", "\\u0421\\u043a\\u043b\\u0430\\u0434\\u043d\\u0456\\u0441\\u0442\\u044c", "\\u0412\\u0430\\u0440\\u0442\\u0456\\u0441\\u0442\\u044c"]}}, {"added": {"name": "\\u0422\\u043e\\u0447\\u043a\\u0430 \\u043c\\u0430\\u0440\\u0448\\u0440\\u0443\\u0442\\u0443", "object": "1. \\u0411\\u0443\\u043a\\u043e\\u0432\\u0435\\u043b\\u044c"}}, {"added": {"name": "\\u0422\\u043e\\u0447\\u043a\\u0430 \\u043c\\u0430\\u0440\\u0448\\u0440\\u0443\\u0442\\u0443", "object": "2. \\u0421\\u0438\\u043d\\u044f\\u043a"}}, {"added": {"name": "\\u0422\\u043e\\u0447\\u043a\\u0430 \\u043c\\u0430\\u0440\\u0448\\u0440\\u0443\\u0442\\u0443", "object": "3. \\u041f\\u043e\\u043b\\u043e\\u043d\\u0438\\u043d\\u0430 \\u0425\\u043e\\u043c'\\u044f\\u043a\\u0456\\u0432"}}, {"added": {"name": "\\u0422\\u043e\\u0447\\u043a\\u0430 \\u043c\\u0430\\u0440\\u0448\\u0440\\u0443\\u0442\\u0443", "object": "4. \\u0425\\u043e\\u043c'\\u044f\\u043a"}}, {"added": {"name": "\\u0422\\u043e\\u0447\\u043a\\u0430 \\u043c\\u0430\\u0440\\u0448\\u0440\\u0443\\u0442\\u0443", "object": "5. \\u0411\\u0443\\u043a\\u043e\\u0432\\u0435\\u043b\\u044c"}}]	8	4
26	2025-05-10 19:00:21.288611+00	5	Сколе - Тимків Верх - Парашка - Діл - Водоспад Гуркало - Корчин	1	[{"added": {}}, {"added": {"name": "\\u0422\\u043e\\u0447\\u043a\\u0430 \\u043c\\u0430\\u0440\\u0448\\u0440\\u0443\\u0442\\u0443", "object": "1. \\u0421\\u043a\\u043e\\u043b\\u0435"}}, {"added": {"name": "\\u0422\\u043e\\u0447\\u043a\\u0430 \\u043c\\u0430\\u0440\\u0448\\u0440\\u0443\\u0442\\u0443", "object": "2. \\u0422\\u0438\\u043c\\u043a\\u0456\\u0432 \\u0412\\u0435\\u0440\\u0445"}}, {"added": {"name": "\\u0422\\u043e\\u0447\\u043a\\u0430 \\u043c\\u0430\\u0440\\u0448\\u0440\\u0443\\u0442\\u0443", "object": "3. \\u041f\\u0430\\u0440\\u0430\\u0448\\u043a\\u0430"}}, {"added": {"name": "\\u0422\\u043e\\u0447\\u043a\\u0430 \\u043c\\u0430\\u0440\\u0448\\u0440\\u0443\\u0442\\u0443", "object": "4. \\u0412\\u043e\\u0434\\u043e\\u0441\\u043f\\u0430\\u0434 \\u0413\\u0443\\u0440\\u043a\\u0430\\u043b\\u043e"}}, {"added": {"name": "\\u0422\\u043e\\u0447\\u043a\\u0430 \\u043c\\u0430\\u0440\\u0448\\u0440\\u0443\\u0442\\u0443", "object": "5. \\u041a\\u043e\\u0440\\u0447\\u0438\\u043d"}}]	8	4
27	2025-05-10 19:01:29.784048+00	4	Дземброня - Піп Іван - Бребенескул - о. Бребенескул - Дземброня	2	[{"changed": {"fields": ["\\u0422\\u0443\\u0440"]}}]	8	4
28	2025-05-10 19:11:00.186388+00	6	Мислівка - Водоспад Правич - Полонина Мшана - Яйко-Ілемське - Мислівка	1	[{"added": {}}]	8	4
29	2025-05-10 19:11:24.984429+00	6	Мислівка - Водоспад Правич - Пол. Мшана - Яйко-Ілемське - Мислівка	2	[{"changed": {"fields": ["\\u0422\\u0443\\u0440"]}}]	8	4
30	2025-05-10 19:17:44.999539+00	6	Мислівка - Водоспад Правич - Пол. Мшана - Яйко-Ілемське - Мислівка	2	[{"added": {"name": "\\u0422\\u043e\\u0447\\u043a\\u0430 \\u043c\\u0430\\u0440\\u0448\\u0440\\u0443\\u0442\\u0443", "object": "1. \\u041c\\u0438\\u0441\\u043b\\u0456\\u0432\\u043a\\u0430"}}, {"added": {"name": "\\u0422\\u043e\\u0447\\u043a\\u0430 \\u043c\\u0430\\u0440\\u0448\\u0440\\u0443\\u0442\\u0443", "object": "2. \\u0412\\u043e\\u0434\\u043e\\u0441\\u043f\\u0430\\u0434 \\u041f\\u0440\\u0430\\u0432\\u0438\\u0447"}}, {"added": {"name": "\\u0422\\u043e\\u0447\\u043a\\u0430 \\u043c\\u0430\\u0440\\u0448\\u0440\\u0443\\u0442\\u0443", "object": "3. \\u041f\\u043e\\u043b\\u043e\\u043d\\u0438\\u043d\\u0430 \\u041c\\u0448\\u0430\\u043d\\u0430"}}, {"added": {"name": "\\u0422\\u043e\\u0447\\u043a\\u0430 \\u043c\\u0430\\u0440\\u0448\\u0440\\u0443\\u0442\\u0443", "object": "4. \\u042f\\u0439\\u043a\\u043e-\\u0406\\u043b\\u0435\\u043c\\u0441\\u044c\\u043a\\u0435"}}, {"added": {"name": "\\u0422\\u043e\\u0447\\u043a\\u0430 \\u043c\\u0430\\u0440\\u0448\\u0440\\u0443\\u0442\\u0443", "object": "5. \\u041c\\u0438\\u0441\\u043b\\u0456\\u0432\\u043a\\u0430"}}]	8	4
31	2025-05-11 09:09:32.8677+00	2	Ворохта - Кукул - Полонина Закукул - Кострича - Кострич - Ільці	2	[{"changed": {"fields": ["\\u0417\\u043e\\u0431\\u0440\\u0430\\u0436\\u0435\\u043d\\u043d\\u044f"]}}]	8	4
32	2025-05-11 09:09:58.078078+00	6	Мислівка - Водоспад Правич - Пол. Мшана - Яйко-Ілемське - Мислівка	2	[{"changed": {"fields": ["\\u0417\\u043e\\u0431\\u0440\\u0430\\u0436\\u0435\\u043d\\u043d\\u044f"]}}]	8	4
33	2025-05-11 09:10:12.585266+00	5	Сколе - Тимків Верх - Парашка - Діл - Водоспад Гуркало - Корчин	2	[{"changed": {"fields": ["\\u0417\\u043e\\u0431\\u0440\\u0430\\u0436\\u0435\\u043d\\u043d\\u044f"]}}]	8	4
34	2025-05-11 09:10:31.019717+00	4	Дземброня - Піп Іван - Бребенескул - о. Бребенескул - Дземброня	2	[{"changed": {"fields": ["\\u0417\\u043e\\u0431\\u0440\\u0430\\u0436\\u0435\\u043d\\u043d\\u044f"]}}]	8	4
35	2025-05-11 09:10:49.532853+00	3	Буковель - Синяк - Полонина Хом'яків - Хом'як - Буковель	2	[{"changed": {"fields": ["\\u0417\\u043e\\u0431\\u0440\\u0430\\u0436\\u0435\\u043d\\u043d\\u044f"]}}]	8	4
36	2025-05-11 09:11:10.308884+00	1	Ворохта - Заросляк - Говерла - Петрос - Полонина Шиса - Ясіня	2	[{"changed": {"fields": ["\\u0417\\u043e\\u0431\\u0440\\u0430\\u0436\\u0435\\u043d\\u043d\\u044f"]}}]	8	4
37	2025-05-11 09:14:38.448147+00	4	куенуцкн → Ворохта - Заросляк - Говерла - Петрос - Полонина Шиса - Ясіня	3		7	4
38	2025-05-11 09:14:48.07142+00	3	Олег → Ворохта - Кукул - Полонина Закукул - Кострича - Кострич - Ільці	3		7	4
39	2025-05-11 09:14:56.102081+00	2	Maria → Ворохта - Заросляк - Говерла - Петрос - Полонина Шиса - Ясіня	3		7	4
40	2025-05-11 09:15:04.2749+00	1	Maria → Ворохта - Заросляк - Говерла - Петрос - Полонина Шиса - Ясіня	3		7	4
41	2025-05-11 09:15:19.794208+00	7	Review by Чіназес – 3/5	3		9	4
42	2025-05-11 09:15:27.287918+00	6	Review by Roberta Woods – 5/5	3		9	4
43	2025-05-11 09:15:35.26485+00	5	Review by Віталій – 1/5	3		9	4
44	2025-05-11 09:16:07.210715+00	4	Review by Олег – 4/5	3		9	4
50	2025-05-11 09:23:37.457473+00	1	root	3		4	4
\.


--
-- TOC entry 3504 (class 0 OID 16431)
-- Dependencies: 229
-- Data for Name: django_content_type; Type: TABLE DATA; Schema: public; Owner: hiking_db_b23i_user
--

COPY public.django_content_type (id, app_label, model) FROM stdin;
1	admin	logentry
2	auth	permission
3	auth	group
4	auth	user
5	contenttypes	contenttype
6	sessions	session
7	tours	booking
8	tours	tour
9	tours	review
10	tours	tourstop
\.


--
-- TOC entry 3506 (class 0 OID 16435)
-- Dependencies: 231
-- Data for Name: django_migrations; Type: TABLE DATA; Schema: public; Owner: hiking_db_b23i_user
--

COPY public.django_migrations (id, app, name, applied) FROM stdin;
1	contenttypes	0001_initial	2025-04-12 11:47:53.892106+00
2	auth	0001_initial	2025-04-12 11:47:53.979533+00
3	admin	0001_initial	2025-04-12 11:47:54.00096+00
4	admin	0002_logentry_remove_auto_add	2025-04-12 11:47:54.007192+00
5	admin	0003_logentry_add_action_flag_choices	2025-04-12 11:47:54.014567+00
6	contenttypes	0002_remove_content_type_name	2025-04-12 11:47:54.028603+00
7	auth	0002_alter_permission_name_max_length	2025-04-12 11:47:54.035741+00
8	auth	0003_alter_user_email_max_length	2025-04-12 11:47:54.042858+00
9	auth	0004_alter_user_username_opts	2025-04-12 11:47:54.050712+00
10	auth	0005_alter_user_last_login_null	2025-04-12 11:47:54.058033+00
11	auth	0006_require_contenttypes_0002	2025-04-12 11:47:54.060782+00
12	auth	0007_alter_validators_add_error_messages	2025-04-12 11:47:54.067477+00
13	auth	0008_alter_user_username_max_length	2025-04-12 11:47:54.078745+00
14	auth	0009_alter_user_last_name_max_length	2025-04-12 11:47:54.085589+00
15	auth	0010_alter_group_name_max_length	2025-04-12 11:47:54.094528+00
16	auth	0011_update_proxy_permissions	2025-04-12 11:47:54.100996+00
17	auth	0012_alter_user_first_name_max_length	2025-04-12 11:47:54.108663+00
18	sessions	0001_initial	2025-04-12 11:47:54.124071+00
19	tours	0001_initial	2025-04-12 12:30:57.263184+00
20	tours	0002_booking_user	2025-04-12 18:33:29.691422+00
21	tours	0003_alter_booking_options_alter_review_options_and_more	2025-05-07 12:37:32.67604+00
\.


--
-- TOC entry 3508 (class 0 OID 16441)
-- Dependencies: 233
-- Data for Name: django_session; Type: TABLE DATA; Schema: public; Owner: hiking_db_b23i_user
--

COPY public.django_session (session_key, session_data, expire_date) FROM stdin;
38hjamiiptj1ywubj96fqbsnm6ldp7rs	.eJxVjEEOwiAQRe_C2hBaYQZcuvcMhIFBqgaS0q6Md7dNutDte-__t_BhXYpfO89-SuIiBnH6ZRTik-su0iPUe5Ox1WWeSO6JPGyXt5b4dT3av4MSetnWGIEcMLsRtLKWIBunVBqCUgaRAIMhbQzoEQAxnS1CzLyxnCwyaPH5AsCINwo:1u3aDG:sRO4zHor90-D0mimVDREtRE4jLxEmG2TsGUonsg14ko	2025-04-26 12:43:58.004507+00
9q2kfe9krmh12274cc9fq7eglhmzy5le	.eJxVjEEOwiAQRe_C2hBaYQZcuvcMhIFBqgaS0q6Md7dNutDte-__t_BhXYpfO89-SuIiBnH6ZRTik-su0iPUe5Ox1WWeSO6JPGyXt5b4dT3av4MSetnWGIEcMLsRtLKWIBunVBqCUgaRAIMhbQzoEQAxnS1CzLyxnCwyaPH5AsCINwo:1uDTE5:CoUpUTPUDI2DMRPNRCHs1CITCwQXz-q2k5NLY5iyDEA	2025-05-23 19:17:41.880939+00
pcuakcwvj1kiuuak7oib73q9rnu41iol	.eJxVjDsOwjAQBe_iGlm7ib-U9JzBWnttHECOFCcV4u4QKQW0b2beSwTa1hq2npcwsTgLJU6_W6T0yG0HfKd2m2Wa27pMUe6KPGiX15nz83K4fweVev3WBRQOinT02lo_AhlGPegy5mSsysUYVxwjAKBmjYrIxZzQgIvglPPi_QHAITbj:1uDljD:XgqguyOdgtJbi9wnWaG04_zCZyZ2QF-zCHGYdPygjEc	2025-05-24 15:03:03.726882+00
kkbaklw8tf88i88vjqhcvxwa8uuq3ti8	.eJxVjDsOwjAQBe_iGlm7ib-U9JzBWnttHECOFCcV4u4QKQW0b2beSwTa1hq2npcwsTgLJU6_W6T0yG0HfKd2m2Wa27pMUe6KPGiX15nz83K4fweVev3WBRQOinT02lo_AhlGPegy5mSsysUYVxwjAKBmjYrIxZzQgIvglPPi_QHAITbj:1uE2vR:H1Q1rgGHebHlSdYKhzt9a87u8-jmZwAZnhnh31gywiY	2025-05-25 09:24:49.769997+00
\.


--
-- TOC entry 3509 (class 0 OID 16446)
-- Dependencies: 234
-- Data for Name: tours_booking; Type: TABLE DATA; Schema: public; Owner: hiking_db_b23i_user
--

COPY public.tours_booking (id, full_name, email, participants, confirmed, created_at, tour_id, user_id) FROM stdin;
\.


--
-- TOC entry 3511 (class 0 OID 16451)
-- Dependencies: 236
-- Data for Name: tours_review; Type: TABLE DATA; Schema: public; Owner: hiking_db_b23i_user
--

COPY public.tours_review (id, name, text, rating, created_at, tour_id) FROM stdin;
\.


--
-- TOC entry 3513 (class 0 OID 16458)
-- Dependencies: 238
-- Data for Name: tours_tour; Type: TABLE DATA; Schema: public; Owner: hiking_db_b23i_user
--

COPY public.tours_tour (id, title, description, location, start_date, end_date, guide_name, difficulty, price, image, is_completed, is_cancelled) FROM stdin;
1	Ворохта - Заросляк - Говерла - Петрос - Полонина Шиса - Ясіня	Цей туристичний маршрут проходить через найвищі вершини українських Карпат і дарує незабутні враження від краєвидів та духу пригод. Починається подорож у мальовничій Ворохті, звідки маршрут веде до турбази "Заросляк" — базового табору перед сходженням на Говерлу. Підкорення найвищої точки України (2061 м) — це справжній виклик, але нагорода у вигляді панорами Чорногірського хребта варта кожного зусилля. Далі маршрут пролягає до вершини Петрос, ще одного гіганта Карпат, з якої відкриваються чудові краєвиди на хребти, полонини й гірські долини.\r\n\r\nПісля насичених підйомів мандрівники прямують до полонини Шиса — ідеального місця для відпочинку серед дикої природи. Там можна відчути атмосферу справжнього карпатського літа з пахощами трав і звуками трембіти. Завершується маршрут у селищі Ясіня, звідки зручно повернутися додому або продовжити подорож іншими маршрутами Закарпаття. Тур підходить для витривалих мандрівників і дозволяє повністю зануритися в красу та силу гір.	Івано-Франківська обл., Закарпатська обл., с. Ворохта, с. Ясіня	2025-06-20	2025-06-22	Олекса Довбуш	Найвищої складності	2500.00	tours/hoverla.jpeg	f	f
2	Ворохта - Кукул - Полонина Закукул - Кострича - Кострич - Ільці	Кукул — ще один варіант походу вихідного дня. Якщо вас цікавить нескладний підйом з повільним набором висоти, панорамні краєвиди на 360 градусів, а ще як приємний бонус — розмаїття грибів, ягід та милих корівок, тоді вам однозначно сюди!\r\n\r\nЩо довкола? Та все підряд! Найголовніше — перед вами Говерла та Чорногора, як на долоні (Кукул — один з небагатьох наближених до найвищого масиву в Україні хребтів), поруч хребет Кострича, яким походи часто з Кукулу подовжують ще на декілька днів. Видно масив Близниць, що на Свидовці. Поверніться — з іншого боку побачите кам’янисті Ґорґани. Одним словом, ледь чи не всі знакові карпатські гори звідси можна поєднати одною сферичною фотографією.	Ворохта	2025-07-11	2025-07-13	Владислав Шевчук	Середня	2300.00	tours/kukul.jpeg	f	f
3	Буковель - Синяк - Полонина Хом'яків - Хом'як - Буковель	Цей маршрут ідеально підходить для одноденної гірської прогулянки, що починається та завершується у туристичному центрі Буковель. Перша частина стежки веде до гори Синяк — кам’янистої вершини висотою 1665 м, з якої відкривається чудовий краєвид на сусідні хребти. Підйом може бути дещо стрімким, але нагорі на вас чекає свіже повітря, тиша і панорами, які захоплюють дух.\r\nДалі маршрут пролягає через мальовничу полонину Хом’яків, що дарує змогу перепочити серед квітучих гірських луків, і веде на вершину Хом’яка (1542 м) — одну з найвідоміших і фотогенічних гір Карпат. Хом’як — це символ гармонії природи, з якого видно і сам Буковель, і безкраї простори Карпат. Повернення назад до курорту завершує коло, залишаючи після себе відчуття наповненості природою та пригодою.	Івано-Франківська обл., Буковель	2025-06-03	2025-05-05	Владислав Шевчук	Середня	2200.00	tours/homiak.jpg	f	f
6	Мислівка - Водоспад Правич - Пол. Мшана - Яйко-Ілемське - Мислівка	Цей кільцевий маршрут починається і завершується в селі Мислівка — затишному куточку на межі Горган. Подорож розпочинається стежкою до маловідомого, але надзвичайно мальовничого водоспаду Правич, схованого серед гущавини букового лісу. Далі маршрут веде на полонину Мшану — простору гірську луку, звідки відкриваються перші панорами Горганських хребтів. Тут можна зробити привал, набрати води й насолодитися тишею гір.\r\n\r\nНаступний етап — перехід через полонину Довге Поле до вершини Яйко-Ілемське (1679 м) — однієї з найцікавіших гір Ґорґан з характерними кам’яними розсипами й стрімкими схилами. Це справжній виклик для витривалих мандрівників, але краєвиди з вершини точно варті зусиль. Спуск назад до Мислівки проходить лісовими стежками, де можна побачити рідкісну флору та сліди диких тварин. Маршрут ідеально підходить для кількаденного походу з ночівлею на полонинах.	Івано-Франківська обл., с. Мислівка	2025-12-12	2025-12-14	Владислав Шевчук	Найвищої складності	2700.00	tours/gorgany.jpg	f	f
5	Сколе - Тимків Верх - Парашка - Діл - Водоспад Гуркало - Корчин	Цей захопливий маршрут проходить територією Сколівських Бескид і поєднує в собі красу лісів, гірські вершини та мальовничі водоспади. Старт у місті Сколе, звідки стежка піднімається через Тимків Верх до гори Парашка (1268 м) — найвищої точки Сколівських Бескид. Парашка відкриває чудову панораму на довколишні хребти та долини, а сама дорога до вершини пролягає через густі букові та смерекові ліси.\r\nПісля підйому маршрут веде вниз через хребет Діл до одного з найкрасивіших водоспадів регіону — Гуркало. Його шум і прохолода — справжня насолода після тривалої мандрівки. Завершується маршрут у селі Корчин, де можна відпочити або повернутись до Сколе. Це ідеальний варіант для тих, хто хоче відчути спокій карпатської природи, поєднуючи помірне фізичне навантаження з яскравими враженнями.	Львівська обл., с. Сколе, с. Корчин	2025-08-08	2025-08-09	Владислав Шевчук	Середня	1800.00	tours/hurkalo.jpg	f	f
4	Дземброня - Піп Іван - Бребенескул - о. Бребенескул - Дземброня	Цей кільцевий маршрут — справжня перлина Чорногори, який дарує можливість побачити одні з найвеличніших краєвидів українських Карпат. Початок і кінець подорожі — село Дземброня, одне з найвисокогірніших в Україні. Першою зупинкою є Вухатий Камінь — скельна вершина з унікальними формаціями та панорамами. Звідти маршрут веде до Піп Івана Чорногірського (2028 м) з легендарною обсерваторією «Білий Слон», що вражає своєю містичністю і високогірною атмосферою.\r\nДалі стежка спускається до найвисокогірнішого озера України — Бребенескул, що лежить у льодовиковій улоговині серед гірських велетів. Після відпочинку біля озера маршрут веде через полонину Смотрич, де відкриваються чудові краєвиди на Чорногірський хребет. Повернення до Дземброні — це гарна нагода ще раз оглянути пройдені вершини та завершити мандрівку зі спогадами про гірську тишу, силу природи і велич Карпат.	Івано-Франківська обл., с. Дземброня	2025-05-23	2025-05-25	Владислав Шевчук	Найвищої складності	2800.00	tours/brebeneskul.jpeg	f	f
\.


--
-- TOC entry 3515 (class 0 OID 16464)
-- Dependencies: 240
-- Data for Name: tours_tourstop; Type: TABLE DATA; Schema: public; Owner: hiking_db_b23i_user
--

COPY public.tours_tourstop (id, name, latitude, longitude, "order", tour_id) FROM stdin;
5	Заросляк	48.16505185436696	24.536170950025507	2	1
6	Говерла	48.16064256170209	24.50205039654391	3	1
7	Петрос	48.17241308434765	24.422814455284783	4	1
8	Полонина Шиса	48.20985952633629	24.366302441769335	5	1
9	Ясіня	48.26900454649555	24.376348276156467	6	1
4	Ворохта	48.28365127838732	24.566667182100957	1	1
1	Ворохта	48.28662008583199	24.56656538245782	1	2
2	Кукул	48.21652269331669	24.54551690424169	2	2
3	Полонина Закукул	48.21235393752637	24.55321592485817	3	2
10	Кострича	48.18324033809924	24.636647662030164	4	2
11	Кострич	48.17351071375346	24.64759107433866	5	2
12	Ільці	48.15429154720553	24.75665085551462	6	2
13	Дземброня	48.102464186859756	24.673972008139994	1	4
14	Вухатий Камінь	48.074063638445764	24.634008373455963	2	4
15	Піп Іван	48.04717250792362	24.62760819617598	3	4
16	Бребенескул	48.0984466345259	24.580684704158035	4	4
17	озеро Бребенескул	48.102030315009664	24.5600542038066	5	4
18	Дземброня	48.102464186859756	24.673972008139994	6	4
19	Буковель	48.36053625652642	24.417304897766066	1	3
20	Синяк	48.38912371132145	24.456325602875516	2	3
21	Полонина Хом'яків	48.37640511879377	24.487549943478186	3	3
22	Хом'як	48.36772707487218	24.49606655986517	4	3
23	Буковель	48.36053625652642	24.417304897766066	5	3
24	Сколе	49.04096521818951	23.508193887212446	1	5
25	Тимків Верх	49.06416839317551	23.425882395804287	2	5
26	Парашка	49.07201668146038	23.42286673408923	3	5
27	Водоспад Гуркало	49.085254656687866	23.46287835480789	4	5
28	Корчин	49.10492239371562	23.504712486837438	5	5
29	Мислівка	48.78171159205157	23.7697453823036	1	6
30	Водоспад Правич	48.75839200083345	23.773076485459328	2	6
31	Полонина Мшана	48.71715261103349	23.853580350076797	3	6
32	Яйко-Ілемське	48.704369362912	23.844047210339184	4	6
33	Мислівка	48.78171159205157	23.7697453823036	5	6
\.


--
-- TOC entry 3523 (class 0 OID 0)
-- Dependencies: 216
-- Name: auth_group_id_seq; Type: SEQUENCE SET; Schema: public; Owner: hiking_db_b23i_user
--

SELECT pg_catalog.setval('public.auth_group_id_seq', 1, false);


--
-- TOC entry 3524 (class 0 OID 0)
-- Dependencies: 218
-- Name: auth_group_permissions_id_seq; Type: SEQUENCE SET; Schema: public; Owner: hiking_db_b23i_user
--

SELECT pg_catalog.setval('public.auth_group_permissions_id_seq', 1, false);


--
-- TOC entry 3525 (class 0 OID 0)
-- Dependencies: 220
-- Name: auth_permission_id_seq; Type: SEQUENCE SET; Schema: public; Owner: hiking_db_b23i_user
--

SELECT pg_catalog.setval('public.auth_permission_id_seq', 40, true);


--
-- TOC entry 3526 (class 0 OID 0)
-- Dependencies: 223
-- Name: auth_user_groups_id_seq; Type: SEQUENCE SET; Schema: public; Owner: hiking_db_b23i_user
--

SELECT pg_catalog.setval('public.auth_user_groups_id_seq', 1, false);


--
-- TOC entry 3527 (class 0 OID 0)
-- Dependencies: 224
-- Name: auth_user_id_seq; Type: SEQUENCE SET; Schema: public; Owner: hiking_db_b23i_user
--

SELECT pg_catalog.setval('public.auth_user_id_seq', 4, true);


--
-- TOC entry 3528 (class 0 OID 0)
-- Dependencies: 226
-- Name: auth_user_user_permissions_id_seq; Type: SEQUENCE SET; Schema: public; Owner: hiking_db_b23i_user
--

SELECT pg_catalog.setval('public.auth_user_user_permissions_id_seq', 1, false);


--
-- TOC entry 3529 (class 0 OID 0)
-- Dependencies: 228
-- Name: django_admin_log_id_seq; Type: SEQUENCE SET; Schema: public; Owner: hiking_db_b23i_user
--

SELECT pg_catalog.setval('public.django_admin_log_id_seq', 50, true);


--
-- TOC entry 3530 (class 0 OID 0)
-- Dependencies: 230
-- Name: django_content_type_id_seq; Type: SEQUENCE SET; Schema: public; Owner: hiking_db_b23i_user
--

SELECT pg_catalog.setval('public.django_content_type_id_seq', 10, true);


--
-- TOC entry 3531 (class 0 OID 0)
-- Dependencies: 232
-- Name: django_migrations_id_seq; Type: SEQUENCE SET; Schema: public; Owner: hiking_db_b23i_user
--

SELECT pg_catalog.setval('public.django_migrations_id_seq', 21, true);


--
-- TOC entry 3532 (class 0 OID 0)
-- Dependencies: 235
-- Name: tours_booking_id_seq; Type: SEQUENCE SET; Schema: public; Owner: hiking_db_b23i_user
--

SELECT pg_catalog.setval('public.tours_booking_id_seq', 4, true);


--
-- TOC entry 3533 (class 0 OID 0)
-- Dependencies: 237
-- Name: tours_review_id_seq; Type: SEQUENCE SET; Schema: public; Owner: hiking_db_b23i_user
--

SELECT pg_catalog.setval('public.tours_review_id_seq', 7, true);


--
-- TOC entry 3534 (class 0 OID 0)
-- Dependencies: 239
-- Name: tours_tour_id_seq; Type: SEQUENCE SET; Schema: public; Owner: hiking_db_b23i_user
--

SELECT pg_catalog.setval('public.tours_tour_id_seq', 6, true);


--
-- TOC entry 3535 (class 0 OID 0)
-- Dependencies: 241
-- Name: tours_tourstop_id_seq; Type: SEQUENCE SET; Schema: public; Owner: hiking_db_b23i_user
--

SELECT pg_catalog.setval('public.tours_tourstop_id_seq', 33, true);


--
-- TOC entry 3277 (class 2606 OID 16470)
-- Name: auth_group auth_group_name_key; Type: CONSTRAINT; Schema: public; Owner: hiking_db_b23i_user
--

ALTER TABLE ONLY public.auth_group
    ADD CONSTRAINT auth_group_name_key UNIQUE (name);


--
-- TOC entry 3282 (class 2606 OID 16472)
-- Name: auth_group_permissions auth_group_permissions_group_id_permission_id_0cd325b0_uniq; Type: CONSTRAINT; Schema: public; Owner: hiking_db_b23i_user
--

ALTER TABLE ONLY public.auth_group_permissions
    ADD CONSTRAINT auth_group_permissions_group_id_permission_id_0cd325b0_uniq UNIQUE (group_id, permission_id);


--
-- TOC entry 3285 (class 2606 OID 16474)
-- Name: auth_group_permissions auth_group_permissions_pkey; Type: CONSTRAINT; Schema: public; Owner: hiking_db_b23i_user
--

ALTER TABLE ONLY public.auth_group_permissions
    ADD CONSTRAINT auth_group_permissions_pkey PRIMARY KEY (id);


--
-- TOC entry 3279 (class 2606 OID 16476)
-- Name: auth_group auth_group_pkey; Type: CONSTRAINT; Schema: public; Owner: hiking_db_b23i_user
--

ALTER TABLE ONLY public.auth_group
    ADD CONSTRAINT auth_group_pkey PRIMARY KEY (id);


--
-- TOC entry 3288 (class 2606 OID 16478)
-- Name: auth_permission auth_permission_content_type_id_codename_01ab375a_uniq; Type: CONSTRAINT; Schema: public; Owner: hiking_db_b23i_user
--

ALTER TABLE ONLY public.auth_permission
    ADD CONSTRAINT auth_permission_content_type_id_codename_01ab375a_uniq UNIQUE (content_type_id, codename);


--
-- TOC entry 3290 (class 2606 OID 16480)
-- Name: auth_permission auth_permission_pkey; Type: CONSTRAINT; Schema: public; Owner: hiking_db_b23i_user
--

ALTER TABLE ONLY public.auth_permission
    ADD CONSTRAINT auth_permission_pkey PRIMARY KEY (id);


--
-- TOC entry 3298 (class 2606 OID 16482)
-- Name: auth_user_groups auth_user_groups_pkey; Type: CONSTRAINT; Schema: public; Owner: hiking_db_b23i_user
--

ALTER TABLE ONLY public.auth_user_groups
    ADD CONSTRAINT auth_user_groups_pkey PRIMARY KEY (id);


--
-- TOC entry 3301 (class 2606 OID 16484)
-- Name: auth_user_groups auth_user_groups_user_id_group_id_94350c0c_uniq; Type: CONSTRAINT; Schema: public; Owner: hiking_db_b23i_user
--

ALTER TABLE ONLY public.auth_user_groups
    ADD CONSTRAINT auth_user_groups_user_id_group_id_94350c0c_uniq UNIQUE (user_id, group_id);


--
-- TOC entry 3292 (class 2606 OID 16486)
-- Name: auth_user auth_user_pkey; Type: CONSTRAINT; Schema: public; Owner: hiking_db_b23i_user
--

ALTER TABLE ONLY public.auth_user
    ADD CONSTRAINT auth_user_pkey PRIMARY KEY (id);


--
-- TOC entry 3304 (class 2606 OID 16488)
-- Name: auth_user_user_permissions auth_user_user_permissions_pkey; Type: CONSTRAINT; Schema: public; Owner: hiking_db_b23i_user
--

ALTER TABLE ONLY public.auth_user_user_permissions
    ADD CONSTRAINT auth_user_user_permissions_pkey PRIMARY KEY (id);


--
-- TOC entry 3307 (class 2606 OID 16490)
-- Name: auth_user_user_permissions auth_user_user_permissions_user_id_permission_id_14a6b632_uniq; Type: CONSTRAINT; Schema: public; Owner: hiking_db_b23i_user
--

ALTER TABLE ONLY public.auth_user_user_permissions
    ADD CONSTRAINT auth_user_user_permissions_user_id_permission_id_14a6b632_uniq UNIQUE (user_id, permission_id);


--
-- TOC entry 3295 (class 2606 OID 16492)
-- Name: auth_user auth_user_username_key; Type: CONSTRAINT; Schema: public; Owner: hiking_db_b23i_user
--

ALTER TABLE ONLY public.auth_user
    ADD CONSTRAINT auth_user_username_key UNIQUE (username);


--
-- TOC entry 3310 (class 2606 OID 16494)
-- Name: django_admin_log django_admin_log_pkey; Type: CONSTRAINT; Schema: public; Owner: hiking_db_b23i_user
--

ALTER TABLE ONLY public.django_admin_log
    ADD CONSTRAINT django_admin_log_pkey PRIMARY KEY (id);


--
-- TOC entry 3313 (class 2606 OID 16496)
-- Name: django_content_type django_content_type_app_label_model_76bd3d3b_uniq; Type: CONSTRAINT; Schema: public; Owner: hiking_db_b23i_user
--

ALTER TABLE ONLY public.django_content_type
    ADD CONSTRAINT django_content_type_app_label_model_76bd3d3b_uniq UNIQUE (app_label, model);


--
-- TOC entry 3315 (class 2606 OID 16498)
-- Name: django_content_type django_content_type_pkey; Type: CONSTRAINT; Schema: public; Owner: hiking_db_b23i_user
--

ALTER TABLE ONLY public.django_content_type
    ADD CONSTRAINT django_content_type_pkey PRIMARY KEY (id);


--
-- TOC entry 3317 (class 2606 OID 16500)
-- Name: django_migrations django_migrations_pkey; Type: CONSTRAINT; Schema: public; Owner: hiking_db_b23i_user
--

ALTER TABLE ONLY public.django_migrations
    ADD CONSTRAINT django_migrations_pkey PRIMARY KEY (id);


--
-- TOC entry 3320 (class 2606 OID 16502)
-- Name: django_session django_session_pkey; Type: CONSTRAINT; Schema: public; Owner: hiking_db_b23i_user
--

ALTER TABLE ONLY public.django_session
    ADD CONSTRAINT django_session_pkey PRIMARY KEY (session_key);


--
-- TOC entry 3323 (class 2606 OID 16504)
-- Name: tours_booking tours_booking_pkey; Type: CONSTRAINT; Schema: public; Owner: hiking_db_b23i_user
--

ALTER TABLE ONLY public.tours_booking
    ADD CONSTRAINT tours_booking_pkey PRIMARY KEY (id);


--
-- TOC entry 3327 (class 2606 OID 16506)
-- Name: tours_review tours_review_pkey; Type: CONSTRAINT; Schema: public; Owner: hiking_db_b23i_user
--

ALTER TABLE ONLY public.tours_review
    ADD CONSTRAINT tours_review_pkey PRIMARY KEY (id);


--
-- TOC entry 3330 (class 2606 OID 16508)
-- Name: tours_tour tours_tour_pkey; Type: CONSTRAINT; Schema: public; Owner: hiking_db_b23i_user
--

ALTER TABLE ONLY public.tours_tour
    ADD CONSTRAINT tours_tour_pkey PRIMARY KEY (id);


--
-- TOC entry 3332 (class 2606 OID 16510)
-- Name: tours_tourstop tours_tourstop_pkey; Type: CONSTRAINT; Schema: public; Owner: hiking_db_b23i_user
--

ALTER TABLE ONLY public.tours_tourstop
    ADD CONSTRAINT tours_tourstop_pkey PRIMARY KEY (id);


--
-- TOC entry 3275 (class 1259 OID 16511)
-- Name: auth_group_name_a6ea08ec_like; Type: INDEX; Schema: public; Owner: hiking_db_b23i_user
--

CREATE INDEX auth_group_name_a6ea08ec_like ON public.auth_group USING btree (name varchar_pattern_ops);


--
-- TOC entry 3280 (class 1259 OID 16512)
-- Name: auth_group_permissions_group_id_b120cbf9; Type: INDEX; Schema: public; Owner: hiking_db_b23i_user
--

CREATE INDEX auth_group_permissions_group_id_b120cbf9 ON public.auth_group_permissions USING btree (group_id);


--
-- TOC entry 3283 (class 1259 OID 16513)
-- Name: auth_group_permissions_permission_id_84c5c92e; Type: INDEX; Schema: public; Owner: hiking_db_b23i_user
--

CREATE INDEX auth_group_permissions_permission_id_84c5c92e ON public.auth_group_permissions USING btree (permission_id);


--
-- TOC entry 3286 (class 1259 OID 16514)
-- Name: auth_permission_content_type_id_2f476e4b; Type: INDEX; Schema: public; Owner: hiking_db_b23i_user
--

CREATE INDEX auth_permission_content_type_id_2f476e4b ON public.auth_permission USING btree (content_type_id);


--
-- TOC entry 3296 (class 1259 OID 16515)
-- Name: auth_user_groups_group_id_97559544; Type: INDEX; Schema: public; Owner: hiking_db_b23i_user
--

CREATE INDEX auth_user_groups_group_id_97559544 ON public.auth_user_groups USING btree (group_id);


--
-- TOC entry 3299 (class 1259 OID 16516)
-- Name: auth_user_groups_user_id_6a12ed8b; Type: INDEX; Schema: public; Owner: hiking_db_b23i_user
--

CREATE INDEX auth_user_groups_user_id_6a12ed8b ON public.auth_user_groups USING btree (user_id);


--
-- TOC entry 3302 (class 1259 OID 16517)
-- Name: auth_user_user_permissions_permission_id_1fbb5f2c; Type: INDEX; Schema: public; Owner: hiking_db_b23i_user
--

CREATE INDEX auth_user_user_permissions_permission_id_1fbb5f2c ON public.auth_user_user_permissions USING btree (permission_id);


--
-- TOC entry 3305 (class 1259 OID 16518)
-- Name: auth_user_user_permissions_user_id_a95ead1b; Type: INDEX; Schema: public; Owner: hiking_db_b23i_user
--

CREATE INDEX auth_user_user_permissions_user_id_a95ead1b ON public.auth_user_user_permissions USING btree (user_id);


--
-- TOC entry 3293 (class 1259 OID 16519)
-- Name: auth_user_username_6821ab7c_like; Type: INDEX; Schema: public; Owner: hiking_db_b23i_user
--

CREATE INDEX auth_user_username_6821ab7c_like ON public.auth_user USING btree (username varchar_pattern_ops);


--
-- TOC entry 3308 (class 1259 OID 16520)
-- Name: django_admin_log_content_type_id_c4bce8eb; Type: INDEX; Schema: public; Owner: hiking_db_b23i_user
--

CREATE INDEX django_admin_log_content_type_id_c4bce8eb ON public.django_admin_log USING btree (content_type_id);


--
-- TOC entry 3311 (class 1259 OID 16521)
-- Name: django_admin_log_user_id_c564eba6; Type: INDEX; Schema: public; Owner: hiking_db_b23i_user
--

CREATE INDEX django_admin_log_user_id_c564eba6 ON public.django_admin_log USING btree (user_id);


--
-- TOC entry 3318 (class 1259 OID 16522)
-- Name: django_session_expire_date_a5c62663; Type: INDEX; Schema: public; Owner: hiking_db_b23i_user
--

CREATE INDEX django_session_expire_date_a5c62663 ON public.django_session USING btree (expire_date);


--
-- TOC entry 3321 (class 1259 OID 16523)
-- Name: django_session_session_key_c0390e0f_like; Type: INDEX; Schema: public; Owner: hiking_db_b23i_user
--

CREATE INDEX django_session_session_key_c0390e0f_like ON public.django_session USING btree (session_key varchar_pattern_ops);


--
-- TOC entry 3324 (class 1259 OID 16524)
-- Name: tours_booking_tour_id_c78288d5; Type: INDEX; Schema: public; Owner: hiking_db_b23i_user
--

CREATE INDEX tours_booking_tour_id_c78288d5 ON public.tours_booking USING btree (tour_id);


--
-- TOC entry 3325 (class 1259 OID 16525)
-- Name: tours_booking_user_id_c78b812c; Type: INDEX; Schema: public; Owner: hiking_db_b23i_user
--

CREATE INDEX tours_booking_user_id_c78b812c ON public.tours_booking USING btree (user_id);


--
-- TOC entry 3328 (class 1259 OID 16526)
-- Name: tours_review_tour_id_8fc5c250; Type: INDEX; Schema: public; Owner: hiking_db_b23i_user
--

CREATE INDEX tours_review_tour_id_8fc5c250 ON public.tours_review USING btree (tour_id);


--
-- TOC entry 3333 (class 1259 OID 16527)
-- Name: tours_tourstop_tour_id_d86e95d6; Type: INDEX; Schema: public; Owner: hiking_db_b23i_user
--

CREATE INDEX tours_tourstop_tour_id_d86e95d6 ON public.tours_tourstop USING btree (tour_id);


--
-- TOC entry 3334 (class 2606 OID 16528)
-- Name: auth_group_permissions auth_group_permissio_permission_id_84c5c92e_fk_auth_perm; Type: FK CONSTRAINT; Schema: public; Owner: hiking_db_b23i_user
--

ALTER TABLE ONLY public.auth_group_permissions
    ADD CONSTRAINT auth_group_permissio_permission_id_84c5c92e_fk_auth_perm FOREIGN KEY (permission_id) REFERENCES public.auth_permission(id) DEFERRABLE INITIALLY DEFERRED;


--
-- TOC entry 3335 (class 2606 OID 16533)
-- Name: auth_group_permissions auth_group_permissions_group_id_b120cbf9_fk_auth_group_id; Type: FK CONSTRAINT; Schema: public; Owner: hiking_db_b23i_user
--

ALTER TABLE ONLY public.auth_group_permissions
    ADD CONSTRAINT auth_group_permissions_group_id_b120cbf9_fk_auth_group_id FOREIGN KEY (group_id) REFERENCES public.auth_group(id) DEFERRABLE INITIALLY DEFERRED;


--
-- TOC entry 3336 (class 2606 OID 16538)
-- Name: auth_permission auth_permission_content_type_id_2f476e4b_fk_django_co; Type: FK CONSTRAINT; Schema: public; Owner: hiking_db_b23i_user
--

ALTER TABLE ONLY public.auth_permission
    ADD CONSTRAINT auth_permission_content_type_id_2f476e4b_fk_django_co FOREIGN KEY (content_type_id) REFERENCES public.django_content_type(id) DEFERRABLE INITIALLY DEFERRED;


--
-- TOC entry 3337 (class 2606 OID 16543)
-- Name: auth_user_groups auth_user_groups_group_id_97559544_fk_auth_group_id; Type: FK CONSTRAINT; Schema: public; Owner: hiking_db_b23i_user
--

ALTER TABLE ONLY public.auth_user_groups
    ADD CONSTRAINT auth_user_groups_group_id_97559544_fk_auth_group_id FOREIGN KEY (group_id) REFERENCES public.auth_group(id) DEFERRABLE INITIALLY DEFERRED;


--
-- TOC entry 3338 (class 2606 OID 16548)
-- Name: auth_user_groups auth_user_groups_user_id_6a12ed8b_fk_auth_user_id; Type: FK CONSTRAINT; Schema: public; Owner: hiking_db_b23i_user
--

ALTER TABLE ONLY public.auth_user_groups
    ADD CONSTRAINT auth_user_groups_user_id_6a12ed8b_fk_auth_user_id FOREIGN KEY (user_id) REFERENCES public.auth_user(id) DEFERRABLE INITIALLY DEFERRED;


--
-- TOC entry 3339 (class 2606 OID 16553)
-- Name: auth_user_user_permissions auth_user_user_permi_permission_id_1fbb5f2c_fk_auth_perm; Type: FK CONSTRAINT; Schema: public; Owner: hiking_db_b23i_user
--

ALTER TABLE ONLY public.auth_user_user_permissions
    ADD CONSTRAINT auth_user_user_permi_permission_id_1fbb5f2c_fk_auth_perm FOREIGN KEY (permission_id) REFERENCES public.auth_permission(id) DEFERRABLE INITIALLY DEFERRED;


--
-- TOC entry 3340 (class 2606 OID 16558)
-- Name: auth_user_user_permissions auth_user_user_permissions_user_id_a95ead1b_fk_auth_user_id; Type: FK CONSTRAINT; Schema: public; Owner: hiking_db_b23i_user
--

ALTER TABLE ONLY public.auth_user_user_permissions
    ADD CONSTRAINT auth_user_user_permissions_user_id_a95ead1b_fk_auth_user_id FOREIGN KEY (user_id) REFERENCES public.auth_user(id) DEFERRABLE INITIALLY DEFERRED;


--
-- TOC entry 3341 (class 2606 OID 16563)
-- Name: django_admin_log django_admin_log_content_type_id_c4bce8eb_fk_django_co; Type: FK CONSTRAINT; Schema: public; Owner: hiking_db_b23i_user
--

ALTER TABLE ONLY public.django_admin_log
    ADD CONSTRAINT django_admin_log_content_type_id_c4bce8eb_fk_django_co FOREIGN KEY (content_type_id) REFERENCES public.django_content_type(id) DEFERRABLE INITIALLY DEFERRED;


--
-- TOC entry 3342 (class 2606 OID 16568)
-- Name: django_admin_log django_admin_log_user_id_c564eba6_fk_auth_user_id; Type: FK CONSTRAINT; Schema: public; Owner: hiking_db_b23i_user
--

ALTER TABLE ONLY public.django_admin_log
    ADD CONSTRAINT django_admin_log_user_id_c564eba6_fk_auth_user_id FOREIGN KEY (user_id) REFERENCES public.auth_user(id) DEFERRABLE INITIALLY DEFERRED;


--
-- TOC entry 3343 (class 2606 OID 16573)
-- Name: tours_booking tours_booking_tour_id_c78288d5_fk_tours_tour_id; Type: FK CONSTRAINT; Schema: public; Owner: hiking_db_b23i_user
--

ALTER TABLE ONLY public.tours_booking
    ADD CONSTRAINT tours_booking_tour_id_c78288d5_fk_tours_tour_id FOREIGN KEY (tour_id) REFERENCES public.tours_tour(id) DEFERRABLE INITIALLY DEFERRED;


--
-- TOC entry 3344 (class 2606 OID 16578)
-- Name: tours_booking tours_booking_user_id_c78b812c_fk_auth_user_id; Type: FK CONSTRAINT; Schema: public; Owner: hiking_db_b23i_user
--

ALTER TABLE ONLY public.tours_booking
    ADD CONSTRAINT tours_booking_user_id_c78b812c_fk_auth_user_id FOREIGN KEY (user_id) REFERENCES public.auth_user(id) DEFERRABLE INITIALLY DEFERRED;


--
-- TOC entry 3345 (class 2606 OID 16583)
-- Name: tours_review tours_review_tour_id_8fc5c250_fk_tours_tour_id; Type: FK CONSTRAINT; Schema: public; Owner: hiking_db_b23i_user
--

ALTER TABLE ONLY public.tours_review
    ADD CONSTRAINT tours_review_tour_id_8fc5c250_fk_tours_tour_id FOREIGN KEY (tour_id) REFERENCES public.tours_tour(id) DEFERRABLE INITIALLY DEFERRED;


--
-- TOC entry 3346 (class 2606 OID 16588)
-- Name: tours_tourstop tours_tourstop_tour_id_d86e95d6_fk_tours_tour_id; Type: FK CONSTRAINT; Schema: public; Owner: hiking_db_b23i_user
--

ALTER TABLE ONLY public.tours_tourstop
    ADD CONSTRAINT tours_tourstop_tour_id_d86e95d6_fk_tours_tour_id FOREIGN KEY (tour_id) REFERENCES public.tours_tour(id) DEFERRABLE INITIALLY DEFERRED;


-- Completed on 2025-05-11 12:45:50

--
-- PostgreSQL database dump complete
--

